{"cameraMode":{"drawMode":0,"name":"Shaded","section":"Shading Mode"},"sceneLighting":false,"audioPlay":false,"sceneViewState":{"showFog":true,"showMaterialUpdate":false,"showSkybox":false,"showFlares":true,"showImageEffects":true,"showParticleSystems":true},"in2DMode":false,"pivot":{"x":343.72650146484377,"y":-24.709001541137697,"z":-34.170082092285159},"rotation":{"x":-0.09680073708295822,"y":-0.7107343673706055,"z":0.09824242442846298,"w":-0.6902731657028198},"size":8.934497833251954,"orthographic":false}