{"cameraMode":{"drawMode":0,"name":"Shaded","section":"Shading Mode"},"sceneLighting":false,"audioPlay":false,"sceneViewState":{"showFog":true,"showMaterialUpdate":false,"showSkybox":false,"showFlares":true,"showImageEffects":true,"showParticleSystems":true},"in2DMode":false,"pivot":{"x":42.2828483581543,"y":-0.4550018310546875,"z":0.0},"rotation":{"x":0.1663879007101059,"y":0.24879442155361176,"z":-0.043405160307884219,"w":0.9531962871551514},"size":179.08004760742188,"orthographic":false}