{"cameraMode":{"drawMode":0,"name":"Shaded","section":"Shading Mode"},"sceneLighting":false,"audioPlay":false,"sceneViewState":{"showFog":true,"showMaterialUpdate":false,"showSkybox":false,"showFlares":true,"showImageEffects":true,"showParticleSystems":true},"in2DMode":false,"pivot":{"x":335.3924865722656,"y":48.383872985839847,"z":-22.100297927856447},"rotation":{"x":0.3070552349090576,"y":0.6430007815361023,"z":-0.31490060687065127,"w":0.6269972920417786},"size":22.711353302001954,"orthographic":false}