{"cameraMode":{"drawMode":0,"name":"Shaded","section":"Shading Mode"},"sceneLighting":false,"audioPlay":false,"sceneViewState":{"showFog":true,"showMaterialUpdate":false,"showSkybox":false,"showFlares":true,"showImageEffects":true,"showParticleSystems":true},"in2DMode":false,"pivot":{"x":0.9449474811553955,"y":21.299182891845704,"z":40.10722351074219},"rotation":{"x":-0.08289047330617905,"y":0.9138250946998596,"z":-0.23763060569763184,"w":-0.3188488483428955},"size":3.7461562156677248,"orthographic":false}