{"cameraMode":{"drawMode":0,"name":"Shaded","section":"Shading Mode"},"sceneLighting":true,"audioPlay":false,"sceneViewState":{"showFog":true,"showMaterialUpdate":false,"showSkybox":false,"showFlares":true,"showImageEffects":true,"showParticleSystems":true},"in2DMode":false,"pivot":{"x":7.780145645141602,"y":3.030524492263794,"z":-15.320847511291504},"rotation":{"x":0.1718260794878006,"y":-0.038102902472019199,"z":0.006659672595560551,"w":0.9843874573707581},"size":3.9560177326202394,"orthographic":false}