{"cameraMode":{"drawMode":0,"name":"Shaded","section":"Shading Mode"},"sceneLighting":true,"audioPlay":false,"sceneViewState":{"showFog":true,"showMaterialUpdate":false,"showSkybox":true,"showFlares":true,"showImageEffects":true,"showParticleSystems":true},"in2DMode":false,"pivot":{"x":0.3797580301761627,"y":26.861812591552736,"z":44.63897705078125},"rotation":{"x":-0.1348613202571869,"y":-0.40680423378944399,"z":0.060856401920318606,"w":-0.9014706611633301},"size":8.479811668395996,"orthographic":false}