{"cameraMode":{"drawMode":0,"name":"Shaded","section":"Shading Mode"},"sceneLighting":false,"audioPlay":false,"sceneViewState":{"showFog":true,"showMaterialUpdate":false,"showSkybox":false,"showFlares":true,"showImageEffects":true,"showParticleSystems":true},"in2DMode":false,"pivot":{"x":542.7669677734375,"y":34.478458404541019,"z":185.71490478515626},"rotation":{"x":-0.025005491450428964,"y":-0.43798699975013735,"z":0.011047350242733956,"w":-0.8989186882972717},"size":27.052764892578126,"orthographic":false}