{"cameraMode":{"drawMode":0,"name":"Shaded","section":"Shading Mode"},"sceneLighting":false,"audioPlay":false,"sceneViewState":{"showFog":true,"showMaterialUpdate":false,"showSkybox":false,"showFlares":true,"showImageEffects":true,"showParticleSystems":true},"in2DMode":false,"pivot":{"x":-0.00012230873107910156,"y":0.46633607149124148,"z":-0.0978737473487854},"rotation":{"x":-0.02066875249147415,"y":-0.9801314473152161,"z":0.15435226261615754,"w":-0.1254420131444931},"size":2.8729772567749025,"orthographic":false}